RSA,InfoSec,Marketing,Mind_Gap,Summit,Total
1.48883374689826,3.00261096605744,0.367197062423501,2.05479452054795,0.161550888529887,1.30861504907306
