2017 Member%,2018 Member%,2019 Member%,2020 Member%,2021 Member%
67.9945242984257,64.1911032845877,72.760944805392,78.2140699654017,71.9675059544063
27.9397672826831,26.506393078631,15.0646669500273,12.2521829864353,19.1816944538959
2.25872689938398,2.41176020212847,5.30694031210152,2.99302542698665,2.0117386866281
1.80698151950719,6.89074343465278,6.8674479324792,6.54072162117634,6.83906090506975
