2017 Member%,2018 Member%,2019 Member%,2020 Member%,2021 Member%
67.7363649445964,63.8233116722876,75.7682659140797,78.267560734308,71.9761752818549
28.1767160742553,26.9803405445422,13.170272812794,12.2567879520721,19.1916613486492
2.24492732767305,2.37723122480875,4.03731577296958,2.92953721006925,1.9910657306956
1.84199165347532,6.81911655836144,7.02414550015679,6.54611410355062,6.84109763880026
