2017 Member%,2018 Member%,2019 Member%,2020 Member%,2021 Member%
66.9304935962009,60.7139919388007,71.6134598792062,76.6063870719508,70.5484147386461
9.48337890343934,18.2446327218886,13.17750411797,12.2574616610784,19.3316195372751
2.24492732767305,2.37723122480875,4.03953251235391,2.92969823558512,2.00942587832048
21.3412001726867,18.6641441145019,11.1695034904698,8.2064530313857,8.11053984575836
